<?xml version="1.0" encoding="UTF-8" standalone="yes"?>
<addon id="resource.images.weathericons.outline-hd" name="Weather Icons - Outline HD" version="0.0.3" provider-name="braz">
	<extension point="kodi.resource.images" compile="true" type="weather" />
	<requires>
		<import addon="kodi.resource" version="1.0.0"/>
	</requires>
	<extension point="xbmc.addon.metadata">
		<summary lang="en">Outline HD Weather Icons</summary>
		<description lang="en">Weather Icons in an outline style, based on the weather icons project by Erik Flowers. http://erikflowers.github.io/weather-icons/</description>
		<platform>all</platform>
		<license>Creative Commons Attribution 3.0</license>
		<forum></forum>
		<website></website>
		<email></email>
		<source>https://github.com/bryanbrazil/resource.images.weathericons.outline-hd</source>
	</extension>
</addon>
