<?xml version="1.0" encoding="UTF-8"?>
<window>
	<defaultcontrol>-</defaultcontrol>
	<controls>
		<control id="1" type="image">
			<width>200</width>
			<height>50</height>
			<texture>mouse.png</texture>
		</control>
		<control id="2" type="image">
			<width>200</width>
			<height>50</height>
			<texture>mouse.png</texture>
		</control>
		<control id="3" type="image">
			<width>200</width>
			<height>50</height>
			<texture>mouse.png</texture>
		</control>
		<control id="4" type="image">
			<width>200</width>
			<height>50</height>
			<texture>mouse.png</texture>
		</control>
	</controls>
</window>