<?xml version="1.0" encoding="UTF-8"?>
<window>
	<defaultcontrol>11</defaultcontrol>
	<include>PropertyIncludes</include>
	<animation effect="fade" start="100" end="0" time="0">WindowClose</animation>
	<controls>
		<control type="group">
			<visible>!Window.IsVisible(pvrguideinfo)</visible>
			<!--Top-->
			<include>PlayerTopBar</include>
			<!--Bottom-->
			<control type="group">
				<bottom>0</bottom>
				<height>440</height>
				<control type="image">
					<bottom>0</bottom>
					<width>100%</width>
					<height>395</height>
					<texture colordiffuse="black">views/player/mask_bottom.png</texture>
				</control>
				<include content="WideWidget">
					<param name="id" value="11"/>
					<param name="onup" value="noop"/>
					<param name="ondown" value="noop"/>
					<param name="headline" value="[COLOR white]$INFO[VideoPlayer.Channelname] - $LOCALIZE[19222][/COLOR]"/>
					<param name="mainlabel" value="$INFO[ListItem.Title]"/>
					<param name="thumblabel" value="$INFO[ListItem.Title]"/>
					<param name="sublabel" value="$INFO[ListItem.Date]"/>
					<param name="use_custom_content" value="false"/>
				</include>
			</control>
		</control>
	</controls>
</window>
