<?xml version="1.0" encoding="UTF-8"?>
<includes>
	<include name="ContainerContentPath">
		<param name="showdummy">false</param>
		<param name="dummylabel">$LOCALIZE[31284]</param>
		<definition>
			<content>
				<item>
					<label>$LOCALIZE[1024]</label>
					<icon>items/genrefolder.png</icon>
					<onclick>ActivateWindow(videos,$PARAM[content],return)</onclick>
					<property name="IsFolder">true</property>
					<visible>Window.Is(1114) + [!String.IsEmpty(Container($PARAM[id]).ListItemAbsolute(1).Label) | Container($PARAM[id]).IsUpdating]</visible>
				</item>
				<item>
					<label>$PARAM[dummylabel]</label>
					<label2>$PARAM[dummylabel2]</label2>
					<icon>$PARAM[dummyicon]</icon>
					<onclick>$PARAM[dummyaction]</onclick>
					<property name="IsFolder">true</property>
					<property name="IsDummy">true</property>
					<visible>String.IsEmpty(Container($PARAM[id]).ListItemAbsolute(1).Label) + [$PARAM[showdummy]]</visible>
				</item>
			</content>
			<content target="$PARAM[widget_target]" sortby="$PARAM[sortby]" sortorder="$PARAM[sortorder]" limit="$PARAM[limit]">$PARAM[content]</content>
			<content target="$PARAM[widget_target2]" sortby="$PARAM[sortby2]" sortorder="$PARAM[sortorder2]" limit="$PARAM[limit2]">$PARAM[content2]</content>
		</definition>
	</include>
	<include name="ContainerOnClick">
		<onclick>$PARAM[onclick]</onclick>
		<onclick>$PARAM[onclick2]</onclick>
		<onclick>$PARAM[onclick3]</onclick>
		<onclick>$PARAM[onclick4]</onclick>
		<onclick>$PARAM[onclick5]</onclick>
		<onclick>$PARAM[onclick6]</onclick>
		<onclick>$PARAM[onclick7]</onclick>
		<onclick>$PARAM[onclick8]</onclick>
		<onclick>$PARAM[onclick9]</onclick>
		<onclick>$PARAM[onclick10]</onclick>
		<onclick>$PARAM[onclick11]</onclick>
		<onclick>$PARAM[onclick12]</onclick>
	</include>
	<include name="CustomBusySpinner">
		<param name="visible">Container.IsUpdating</param>
		<param name="diffuse">true</param>
		<param name="delay">false</param>
		<definition>
			<control type="group">
				<animation effect="fade" start="100" end="0" time="0" delay="100" condition="$PARAM[delay]">Hidden</animation>
				<visible>$PARAM[visible]</visible>
				<include condition="$PARAM[diffuse]" content="DiffuseMask"/>
				<include condition="!$PARAM[diffuse]" content="PlainBackground"/>
				<include>BusySpinner</include>
				<control type="label">
					<bottom>35%</bottom>
					<width>100%</width>
					<height>50</height>
					<font>Med28</font>
					<label>$PARAM[label]</label>
					<align>center</align>
					<aligny>top</aligny>
				</control>
			</control>
		</definition>
	</include>
	<!-- FullScreenDimensions -->
	<include name="FullscreenDimensions">
		<width>1920</width>
		<height>1080</height>
	</include>
	<!-- Hidden Control -->
	<include name="HiddenObject">
		<left>-3000</left>
		<top>-3000</top>
		<width>1</width>
		<height>1</height>
		<texturefocus />
		<texturenofocus />
		<label></label>
		<font></font>
		<itemlayout/>
		<focusedlayout/>
	</include>
	<!-- Music Background -->
	<include name="MusicBackground">
		<!-- Visualisation -->
		<control type="visualisation">
			<include>FullscreenDimensions</include>
			<visible>Visualisation.Enabled</visible>
		</control>
		<!-- Fanart -->
		<control type="group">
			<animation effect="fade" end="33" start="100" time="0" condition="Visualisation.Enabled">Conditional</animation>
			<animation effect="fade" end="33" start="100" time="400" condition="!Visualisation.Enabled + [Window.IsVisible(visualisation) + !String.IsEmpty(Window(Home).Property(culrc.lyrics)) + Window.IsVisible(script-cu-lrclyrics-main.xml)]">Conditional</animation>
			<control type="image">
				<include>FullscreenDimensions</include>
				<fadetime>400</fadetime>
				<texture background="true">$VAR[MusicPlayerFanart]</texture>
				<include>VisAnimation</include>
				<visible>!Skin.HasSetting(VisFanartDisabled) + ![Skin.HasSetting(VisRandomFanart) + !Skin.HasSetting(VisFanartDisabled) + System.HasAddon(script.artistslideshow) + !String.IsEmpty(Window(Visualisation).Property(ArtistSlideshow)) + !String.EndsWith(Window(Visualisation).Property(ArtistSlideshow),black)]</visible>
			</control>
			<control type="multiimage">
				<include>FullscreenDimensions</include>
				<fadetime>400</fadetime>
				<randomize>true</randomize>
				<aspectratio>scale</aspectratio>
				<timeperimage>10000</timeperimage>
				<imagepath background="true">$INFO[Window(Visualisation).Property(ArtistSlideshow)]</imagepath>
				<include>VisAnimation</include>
				<visible>Skin.HasSetting(VisRandomFanart) + !Skin.HasSetting(VisFanartDisabled) + System.HasAddon(script.artistslideshow) + !String.IsEmpty(Window(Visualisation).Property(ArtistSlideshow)) + !String.EndsWith(Window(Visualisation).Property(ArtistSlideshow),black)</visible>
			</control>
		</control>
	</include>
	<!-- Background -->
	<include name="Background">
		<param name="forced_visible">false</param>
		<definition>
			<control type="image">
				<include>FullscreenDimensions</include>
				<texture colordiffuse="background">common/white.jpg</texture>
			</control>
			<control type="group">
				<visible>Player.HasMedia + !Skin.HasSetting(HideBackgroundPlayback) + $EXP[HolidayThemeSound] + [$EXP[HideBackground] | $PARAM[forced_visible]]</visible>
				<control type="videowindow">
					<include>FullscreenDimensions</include>
					<visible>Player.HasVideo</visible>
				</control>
				<control type="group">
					<visible>Player.HasAudio</visible>
					<include>MusicBackground</include>
				</control>
			</control>
			<control type="group">
				<visible>[!Player.HasMedia | Skin.HasSetting(HideBackgroundPlayback) | !$EXP[HolidayThemeSound]] + !Skin.HasSetting(HideBackground) + !Window.IsVisible(MyPVRguide.xml) + !Window.IsVisible(virtualkeyboard) + [$EXP[HideBackground] | $PARAM[forced_visible]]</visible>
				<include>Visible_Fade</include>
				<control type="image">
					<include>FullscreenDimensions</include>
					<texture background="true">$VAR[BackgroundSource]</texture>
					<fadetime>1000</fadetime>
					<aspectratio>scale</aspectratio>
					<visible>!Skin.HasSetting(ShowRandomBackgroundImage)</visible>
				</control>
				<control type="multiimage">
					<include>FullscreenDimensions</include>
					<imagepath background="true">$INFO[Skin.String(RandomBackgroundImage)]</imagepath>
					<timeperimage>15000</timeperimage>
					<fadetime>1000</fadetime>
					<pauseatend>10000</pauseatend>
					<randomize>true</randomize>
					<aspectratio>scale</aspectratio>
					<visible>Skin.HasSetting(ShowRandomBackgroundImage)</visible>
				</control>
			</control>
			<control type="image">
				<include>FullscreenDimensions</include>
				<texture>special://skin/extras/themes/$VAR[SkinTheme]/background.png</texture>
				<animation effect="fade" start="100" end="90" time="0" condition="String.IsEqual(Skin.String(AlphaBackground),90)">Conditional</animation>
				<animation effect="fade" start="100" end="80" time="0" condition="String.IsEqual(Skin.String(AlphaBackground),80)">Conditional</animation>
				<animation effect="fade" start="100" end="70" time="0" condition="String.IsEqual(Skin.String(AlphaBackground),70)">Conditional</animation>
				<animation effect="fade" start="100" end="60" time="0" condition="String.IsEqual(Skin.String(AlphaBackground),60)">Conditional</animation>
				<animation effect="fade" start="100" end="50" time="0" condition="String.IsEqual(Skin.String(AlphaBackground),50)">Conditional</animation>
				<animation effect="fade" start="100" end="40" time="0" condition="String.IsEqual(Skin.String(AlphaBackground),40)">Conditional</animation>
				<animation effect="fade" start="100" end="30" time="0" condition="String.IsEqual(Skin.String(AlphaBackground),30)">Conditional</animation>
				<animation effect="fade" start="100" end="20" time="0" condition="String.IsEqual(Skin.String(AlphaBackground),20)">Conditional</animation>
				<animation effect="fade" start="100" end="10" time="0" condition="String.IsEqual(Skin.String(AlphaBackground),10)">Conditional</animation>
			</control>
			<control type="image">
				<include>FullscreenDimensions</include>
				<texture>special://skin/extras/themes/$VAR[SkinTheme]/vignette.png</texture>
			</control>
			<control type="image">
				<include>FullscreenDimensions</include>
				<texture background="true">holiday/winter/frost.png</texture>
				<aspectratio>stretch</aspectratio>
				<visible>$EXP[HolidayTheme]</visible>
			</control>
		</definition>
	</include>
	<!-- No textures -->
	<include name="NoTextures">
		<texturefocus></texturefocus>
		<texturenofocus></texturenofocus>
		<textureup></textureup>
		<texturedown></texturedown>
		<textureupfocus></textureupfocus>
		<texturedownfocus></texturedownfocus>
		<textureupdisabled></textureupdisabled>
		<texturedowndisabled></texturedowndisabled>
		<textureradioonfocus></textureradioonfocus>
		<textureradioonnofocus></textureradioonnofocus>
		<textureradioofffocus></textureradioofffocus>
		<textureradiooffnofocus></textureradiooffnofocus>
		<radiowidth></radiowidth>
		<radioheight></radioheight>
	</include>
	<!-- Spacer for grouplists -->
	<include name="Spacer">
		<param name="visible" default="false" />
		<param name="width" default="0" />
		<param name="height" default="0" />
		<definition>
			<control type="label">
				<width>$PARAM[width]</width>
				<height>$PARAM[height]</height>
				<font>invisible</font>
				<label></label>
				<visible>$PARAM[visible]</visible>
			</control>
		</definition>
	</include>
	<!-- Panel -->
	<include name="ContentPanel">
		<param name="width">400</param>
		<param name="left">0</param>
		<param name="height">100%</param>
		<param name="color">panel_background</param>
		<definition>
			<control type="image">
				<texture colordiffuse="$PARAM[color]">common/white.jpg</texture>
				<width>$PARAM[width]</width>
				<left>$PARAM[left]</left>
				<right>$PARAM[right]</right>
				<top>$PARAM[top]</top>
				<height>$PARAM[height]</height>
			</control>
		</definition>
	</include>
	<!-- Side Menu Button Layout -->
	<include name="SideButton">
		<param name="width">100%</param>
		<param name="icon"></param>
		<param name="icon_left">55</param>
		<param name="label_left">100</param>
		<param name="focused">false</param>
		<param name="condition1">true</param>
		<param name="condition2">true</param>
		<param name="condition3">true</param>
		<param name="action1">noop</param>
		<param name="action2">noop</param>
		<param name="action3">noop</param>
		<param name="onright">10</param>
		<param name="visible">true</param>
		<param name="closepanel">true</param>
		<definition>
			<control type="group">
				<visible>$PARAM[visible]</visible>
				<width>$PARAM[width]</width>
				<height>50</height>
				<control type="image">
					<height>50</height>
					<width>$PARAM[width]</width>
					<texture colordiffuse="sidepanel_focus">common/white.jpg</texture>
					<aspectratio>stretch</aspectratio>
					<visible>Control.HasFocus($PARAM[id])</visible>
				</control>
				<control type="label">
					<top>6</top>
					<left>$PARAM[icon_left]</left>
					<height>40</height>
					<aligny>center</aligny>
					<align>left</align>
					<font>Material20</font>
					<textcolor>sidepanel_textcolor</textcolor>
					<label>$PARAM[icon]</label>
				</control>
				<control type="button" id="$PARAM[id]">
					<top>5</top>
					<onback>$PARAM[onright]</onback>
					<onup>$PARAM[onup]</onup>
					<onright>$PARAM[onright]</onright>
					<ondown>$PARAM[ondown]</ondown>
					<left>$PARAM[label_left]</left>
					<height>40</height>
					<include>NoTextures</include>
					<align>left</align>
					<aligny>center</aligny>
					<font>Reg22</font>
					<textcolor>sidepanel_textcolor</textcolor>
					<focusedcolor>sidepanel_textcolor</focusedcolor>
					<selectedcolor>sidepanel_textcolor</selectedcolor>
					<label>$PARAM[label]</label>
					<onclick condition="$PARAM[closepanel]">right</onclick>
					<onclick>Dialog.Close(all,force)</onclick>
					<onclick condition="$PARAM[condition1]">$PARAM[action1]</onclick>
					<onclick condition="$PARAM[condition2]">$PARAM[action2]</onclick>
					<onclick condition="$PARAM[condition3]">$PARAM[action3]</onclick>
				</control>
			</control>
		</definition>
	</include>
	<!-- Side Menu Headline -->
	<include name="SideHeadline">
		<param name="width">100%</param>
		<param name="visible">true</param>
		<param name="color">panel_textcolor</param>
		<definition>
			<control type="group" id="99$PARAM[nr]">
				<visible>$PARAM[visible]</visible>
				<height>54</height>
				<control type="image">
					<top>9</top>
					<height>1</height>
					<width>$PARAM[width]</width>
					<texture colordiffuse="grid_border">common/white.jpg</texture>
					<aspectratio>stretch</aspectratio>
				</control>
				<!-- headline -->
				<control type="label">
					<top>20</top>
					<width>$PARAM[width]</width>
					<height>50</height>
					<font>Med22</font>
					<textcolor>$PARAM[color]</textcolor>
					<label>$PARAM[label]</label>
					<textoffsetx>15</textoffsetx>
					<aligny>top</aligny>
				</control>
			</control>
		</definition>
	</include>
	<!-- diffuse -->
	<include name="DiffuseMask">
		<param name="color">black_diffuse</param>
		<param name="visible">true</param>
		<definition>
			<control type="image" id="$PARAM[id]">
				<include>Visible_Fade</include>
				<include>FullscreenDimensions</include>
				<texture colordiffuse="$PARAM[color]">common/white.jpg</texture>
				<aspectratio>stretch</aspectratio>
				<visible>$PARAM[visible]</visible>
			</control>
		</definition>
	</include>
	<include name="PlainBackground">
		<control type="image">
			<include>FullscreenDimensions</include>
			<texture colordiffuse="background">common/white.jpg</texture>
			<visible>$PARAM[visible]</visible>
		</control>
	</include>
	<!-- Side Menu -->
	<include name="SidePanel">
		<param name="width">450</param>
		<param name="onright">10</param>
		<definition>
			<include content="DiffuseMask">
				<param name="visible">ControlGroup(9999).HasFocus</param>
			</include>
			<control type="group">
				<animation type="Conditional" condition="ControlGroup(9999).HasFocus" reversible="true">
					<effect type="slide" start="0,0" end="$PARAM[width],0" time="400" tween="cubic" easing="inout" />
				</animation>
				<left>-$PARAM[width]</left>
				<!-- background -->
				<control type="image">
					<left>400</left>
					<width>100</width>
					<height>100%</height>
					<texture colordiffuse="black">common/panel_shadow.png</texture>
					<aspectratio>stretch</aspectratio>
					<visible>ControlGroup(9999).HasFocus</visible>
				</control>
				<include content="ContentPanel">
					<param name="width">$PARAM[width]</param>
					<param name="height">100%</param>
					<param name="color">sidepanel_background</param>
				</include>
				<!-- grouplist -->
				<control type="grouplist" id="9999">
					<top>9</top>
					<width>$PARAM[width]</width>
					<height>1062</height>
					<orientation>vertical</orientation>
					<itemgap>0</itemgap>
					<!--top-->
					<include content="SideButton">
						<param name="id">900</param>
						<param name="onup">918</param>
						<param name="ondown">901</param>
						<param name="onright">$PARAM[onright]</param>
						<param name="label">31000</param>
						<param name="icon">&#xE88A;</param>
						<param name="action1">ActivateWindow(Home)</param>
					</include>
					<!-- seperator -->
					<include content="SideHeadline">
						<param name="nr">1</param>
						<param name="label">14211</param>
						<param name="visible">!Skin.HasSetting(HideSPMovies) | !Skin.HasSetting(HideSPTVshows) | !Skin.HasSetting(HideSPVideos) | !Skin.HasSetting(HideSPPVR) | !Skin.HasSetting(HideSPMusic) | !Skin.HasSetting(HideSPPictures)</param>
					</include>
					<!--media-->
					<include content="SideButton">
						<param name="id">901</param>
						<param name="onup">900</param>
						<param name="ondown">902</param>
						<param name="onright">$PARAM[onright]</param>
						<param name="label">342</param>
						<param name="icon">&#xE04A;</param>
						<param name="condition1">Library.HasContent(movies)</param>
						<param name="condition2">!Library.HasContent(movies)</param>
						<param name="action1">ActivateWindow(1120)</param>
						<param name="action2">ActivateWindow(Videos,sources://video/,return)</param>
						<param name="visible">!Skin.HasSetting(HideSPMovies)</param>
					</include>
					<include content="SideButton">
						<param name="id">902</param>
						<param name="onup">901</param>
						<param name="ondown">903</param>
						<param name="onright">$PARAM[onright]</param>
						<param name="label">20343</param>
						<param name="icon">&#xE04A;</param>
						<param name="condition1">Library.HasContent(tvshows)</param>
						<param name="condition2">!Library.HasContent(tvshows)</param>
						<param name="action1">ActivateWindow(1121)</param>
						<param name="action2">ActivateWindow(Videos,sources://video/,return)</param>
						<param name="visible">!Skin.HasSetting(HideSPTVshows)</param>
					</include>
					<include content="SideButton">
						<param name="id">903</param>
						<param name="onup">902</param>
						<param name="ondown">904</param>
						<param name="onright">$PARAM[onright]</param>
						<param name="label">3</param>
						<param name="icon">&#xE04A;</param>
						<param name="action1">ActivateWindow(Videos,root)</param>
						<param name="visible">!Skin.HasSetting(HideSPVideos)</param>
					</include>
					<include content="SideButton">
						<param name="id">904</param>
						<param name="onup">903</param>
						<param name="ondown">905</param>
						<param name="onright">$PARAM[onright]</param>
						<param name="label">$VAR[PVRLabel]</param>
						<param name="icon">&#xE639;</param>
						<param name="action1">ActivateWindow(1124)</param>
						<param name="visible">!Skin.HasSetting(HideSPPVR) + [Pvr.HasTVChannels | Pvr.HasRadioChannels]</param>
					</include>
					<include content="SideButton">
						<param name="id">905</param>
						<param name="onup">904</param>
						<param name="ondown">906</param>
						<param name="onright">$PARAM[onright]</param>
						<param name="label">2</param>
						<param name="icon">&#xE030;</param>
						<param name="condition1">Library.HasContent(music)</param>
						<param name="condition2">!Library.HasContent(music)</param>
						<param name="action1">ActivateWindow(1122)</param>
						<param name="action2">ActivateWindow(Music,root,return)</param>
						<param name="visible">!Skin.HasSetting(HideSPMusic)</param>
					</include>
					<include content="SideButton">
						<param name="id">906</param>
						<param name="onup">905</param>
						<param name="ondown">907</param>
						<param name="onright">$PARAM[onright]</param>
						<param name="label">$LOCALIZE[20389]</param>
						<param name="icon">&#xE030;</param>
						<param name="condition1">Library.HasContent(musicvideos)</param>
						<param name="action1">ActivateWindow(videos,videodb://musicvideos/titles/,return)</param>
						<param name="visible">!Skin.HasSetting(HideSPMusicvideos) + Library.HasContent(musicvideos)</param>
					</include>
					<include content="SideButton">
						<param name="id">907</param>
						<param name="onup">906</param>
						<param name="ondown">908</param>
						<param name="onright">$PARAM[onright]</param>
						<param name="label">1</param>
						<param name="icon">&#xE413;</param>
						<param name="action1">ActivateWindow(Pictures)</param>
						<param name="visible">!Skin.HasSetting(HideSPPictures)</param>
					</include>
					<!-- seperator -->
					<include content="SideHeadline">
						<param name="nr">2</param>
						<param name="label">31001</param>
						<param name="visible">!Skin.HasSetting(HideSPAddons) | !Skin.HasSetting(HideSPFavourites) | !Skin.HasSetting(HideSPWeather) | System.HasMediaDVD</param>
					</include>
					<!-- misc -->
					<include content="SideButton">
						<param name="id">908</param>
						<param name="onup">907</param>
						<param name="ondown">909</param>
						<param name="onright">$PARAM[onright]</param>
						<param name="label">427</param>
						<param name="icon">&#xE037;</param>
						<param name="action1">PlayDisc</param>
						<param name="visible">System.HasMediaDVD</param>
					</include>
					<include content="SideButton">
						<param name="id">909</param>
						<param name="onup">908</param>
						<param name="ondown">910</param>
						<param name="onright">$PARAM[onright]</param>
						<param name="label">24001</param>
						<param name="icon">&#xE5C3;</param>
						<param name="action1">ActivateWindow(addonbrowser)</param>
						<param name="visible">!Skin.HasSetting(HideSPAddons)</param>
					</include>
					<include content="SideButton">
						<param name="id">910</param>
						<param name="onup">909</param>
						<param name="ondown">911</param>
						<param name="onright">$PARAM[onright]</param>
						<param name="label">10134</param>
						<param name="icon">&#xE838;</param>
						<param name="action1">ActivateWindow(favourites)</param>
						<param name="visible">!Skin.HasSetting(HideSPFavourites)</param>
					</include>
					<include content="SideButton">
						<param name="id">911</param>
						<param name="onup">910</param>
						<param name="ondown">912</param>
						<param name="onright">$PARAM[onright]</param>
						<param name="label">8</param>
						<param name="icon">&#xE430;</param>
						<param name="condition1">!String.IsEmpty(Weather.Plugin)</param>
						<param name="action1">ActivateWindow(Weather)</param>
						<param name="condition2">String.IsEmpty(Weather.Plugin)</param>
						<param name="action2">ReplaceWindow(servicesettings,weather)</param>
						<param name="visible">!Skin.HasSetting(HideSPWeather) + !Skin.HasSetting(HideHeaderWeather) + !String.IsEmpty(Weather.Temperature) + !String.Contains(Weather.Temperature,$LOCALIZE[503]) + !String.IsEqual(Weather.fanartcode,na) + Weather.IsFetched</param>
					</include>
					<!-- seperator -->
					<include content="SideHeadline">
						<param name="nr">3</param>
						<param name="label">13000</param>
					</include>
					<!-- system -->
					<include content="SideButton">
						<param name="id">912</param>
						<param name="onup">911</param>
						<param name="ondown">913</param>
						<param name="onright">$PARAM[onright]</param>
						<param name="label">$LOCALIZE[184] ($LOCALIZE[3])</param>
						<param name="icon"></param>
						<param name="action1">UpdateLibrary(video)</param>
						<param name="visible">!Skin.HasSetting(KioskMode) + !Skin.HasSetting(HideSPVideoUpdate)</param>
					</include>
					<include content="SideButton">
						<param name="id">913</param>
						<param name="onup">912</param>
						<param name="ondown">914</param>
						<param name="onright">$PARAM[onright]</param>
						<param name="label">$LOCALIZE[184] ($LOCALIZE[2])</param>
						<param name="icon"></param>
						<param name="action1">UpdateLibrary(music)</param>
						<param name="visible">!Skin.HasSetting(KioskMode) + !Skin.HasSetting(HideSPMusicUpdate)</param>
					</include>
					<include content="SideButton">
						<param name="id">914</param>
						<param name="onup">913</param>
						<param name="ondown">915</param>
						<param name="onright">$PARAM[onright]</param>
						<param name="label">$LOCALIZE[31129]</param>
						<param name="icon"></param>
						<param name="action1">Notification($LOCALIZE[24001],$LOCALIZE[31162])</param>
						<param name="action2">UpdateAddonRepos</param>
						<param name="action3">UpdateLocalAddons</param>
						<param name="visible">!Skin.HasSetting(KioskMode) + !Skin.HasSetting(HideSPAddonUpdate)</param>
					</include>
					<include content="SideButton">
						<param name="id">915</param>
						<param name="onup">914</param>
						<param name="ondown">916</param>
						<param name="onright">$PARAM[onright]</param>
						<param name="label">5</param>
						<param name="icon">&#xE8B8;</param>
						<param name="action1">ActivateWindow(settings)</param>
						<param name="visible">!Skin.HasSetting(KioskMode)</param>
					</include>
					<include content="SideButton">
						<param name="id">916</param>
						<param name="onup">915</param>
						<param name="ondown">917</param>
						<param name="onright">$PARAM[onright]</param>
						<param name="label">14260</param>
						<param name="icon">&#xE868;</param>
						<param name="action1">Skin.ToggleSetting(DebugInfo)</param>
						<param name="visible">!Skin.HasSetting(KioskMode) + !Skin.HasSetting(HideSPDebug)</param>
					</include>
					<include content="SideButton">
						<param name="id">917</param>
						<param name="onup">916</param>
						<param name="ondown">918</param>
						<param name="onright">$PARAM[onright]</param>
						<param name="label">20183</param>
						<param name="icon"></param>
						<param name="action1">ReloadSkin()</param>
						<param name="visible">!Skin.HasSetting(KioskMode) + !Skin.HasSetting(HideSPReload)</param>
					</include>
					<include content="SideButton">
						<param name="id">918</param>
						<param name="onup">917</param>
						<param name="ondown">900</param>
						<param name="onright">$PARAM[onright]</param>
						<param name="label">$LOCALIZE[33060]</param>
						<param name="icon">&#xE8AC;</param>
						<param name="action1">ActivateWindow(shutdownmenu)</param>
					</include>
				</control>
			</control>
		</definition>
	</include>
	<!-- Jump to letter layout -->
	<include name="JumpToLetter_vertical">
		<param name="id">7000</param>
		<param name="top">0</param>
		<param name="visible">[Control.IsVisible(50) | Control.IsVisible(51) | Control.IsVisible(52) | Control.IsVisible(58)] + [[Container.HasNext | Container.HasPrevious] + [[Container.Content(movies) | Container.Content(sets) | Container.Content(episodes) | Container.Content(tvshows) | Container.Content(seasons) | Container.Content(artists) | Container.Content(albums) | Container.Content(addons)] + [String.IsEqual(Container.SortMethod,$LOCALIZE[551]) | String.IsEqual(Container.SortMethod,$LOCALIZE[561]) | String.IsEqual(Container.SortMethod,$LOCALIZE[558]) | String.IsEqual(Container.SortMethod,$LOCALIZE[557]) | String.IsEqual(Container.SortMethod,$LOCALIZE[556])]]]</param>
		<definition>
			<control type="group">
				<top>$PARAM[top]</top>
				<animation effect="slide" time="0" end="0,29" condition="Control.IsVisible(53)">Conditional</animation>
				<control type="panel" id="$PARAM[id]">
					<visible>$PARAM[visible]</visible>
					<include>Visible_OpenClose</include>
					<right>12</right>
					<width>45</width>
					<centertop>50%</centertop>
					<height>950</height>
					<onleft>SetFocus(50)</onleft>
					<onright condition="!Control.IsVisible(53) + Control.IsVisible(17)">17</onright>
					<onfocus condition="!Skin.HasSetting(MinimalFocusAnimation)">SetProperty(FocusBounce,1,home)</onfocus>
					<scrolltime>0</scrolltime>
					<orientation>vertical</orientation>
					<defaultcontrol>0</defaultcontrol>
					<itemlayout height="35" width="45">
						<control type="group">
							<visible>!String.IsEqual(ListItem.Label,Container.ListItem.SortLetter) + !String.IsEqual(ListItem.Property(IsNumber),Container.ListItem.SortLetter)</visible>
							<control type="textbox">
								<width>40</width>
								<height>40</height>
								<font>JumpToLetter</font>
								<align>center</align>
								<aligny>center</aligny>
								<textcolor>text_sublabel</textcolor>
								<label>$INFO[ListItem.Label]</label>
								<visible>String.IsEmpty(ListItem.Property(NotAvailable))</visible>
							</control>
							<control type="textbox">
								<width>40</width>
								<height>40</height>
								<font>JumpToLetter</font>
								<align>center</align>
								<aligny>center</aligny>
								<textcolor>disabled</textcolor>
								<label>$INFO[ListItem.Label]</label>
								<visible>!String.IsEmpty(ListItem.Property(NotAvailable))</visible>
							</control>
						</control>
						<control type="textbox">
							<width>40</width>
							<height>40</height>
							<font>JumpToLetter</font>
							<align>center</align>
							<aligny>center</aligny>
							<textcolor>white</textcolor>
							<label>$INFO[ListItem.Label]</label>
							<visible>String.IsEqual(ListItem.Label,Container.ListItem.SortLetter) | String.IsEqual(ListItem.Property(IsNumber),Container.ListItem.SortLetter)</visible>
						</control>
					</itemlayout>
					<focusedlayout height="35" width="45">
						<control type="group">
							<visible>!Control.HasFocus($PARAM[id])</visible>
							<control type="group">
								<visible>!String.IsEqual(ListItem.Label,Container.ListItem.SortLetter) + !String.IsEqual(ListItem.Property(IsNumber),Container.ListItem.SortLetter)</visible>
								<control type="textbox">
									<width>40</width>
									<height>40</height>
									<font>JumpToLetter</font>
									<align>center</align>
									<aligny>center</aligny>
									<textcolor>text_sublabel</textcolor>
									<label>$INFO[ListItem.Label]</label>
									<visible>String.IsEmpty(ListItem.Property(NotAvailable))</visible>
								</control>
								<control type="textbox">
									<width>40</width>
									<height>40</height>
									<font>JumpToLetter</font>
									<align>center</align>
									<aligny>center</aligny>
									<textcolor>disabled</textcolor>
									<label>$INFO[ListItem.Label]</label>
									<visible>!String.IsEmpty(ListItem.Property(NotAvailable))</visible>
								</control>
							</control>
							<control type="textbox">
								<width>40</width>
								<height>40</height>
								<font>JumpToLetter</font>
								<align>center</align>
								<aligny>center</aligny>
								<textcolor>white</textcolor>
								<label>$INFO[ListItem.Label]</label>
								<visible>String.IsEqual(ListItem.Label,Container.ListItem.SortLetter) | String.IsEqual(ListItem.Property(IsNumber),Container.ListItem.SortLetter)</visible>
							</control>
						</control>
						<control type="group">
							<visible>Control.HasFocus($PARAM[id])</visible>
							<control type="image">
								<left>-5</left>
								<width>51</width>
								<height>51</height>
								<texture border="20,20,20,20" colordiffuse="$VAR[AccentColor]">items/focus.png</texture>
								<visible>Control.HasFocus($PARAM[id])</visible>
							</control>
							<control type="textbox">
								<width>40</width>
								<height>40</height>
								<font>JumpToLetter</font>
								<align>center</align>
								<aligny>center</aligny>
								<textcolor>white</textcolor>
								<label>$INFO[ListItem.Label]</label>
							</control>
						</control>
					</focusedlayout>
					<content>plugin://script.embuary.helper/?info=jumptoletter&amp;reload=$INFO[Container.NumItems]</content>
				</control>
			</control>
		</definition>
	</include>
	<!-- Invisible focus button -->
	<include name="SetPropertyOnFocus">
		<control type="button">
			<texturefocus></texturefocus>
			<texturenofocus></texturenofocus>
			<onfocus>ClearProperty(FocusBounce,home)</onfocus>
			<onfocus condition="String.IsEqual(Container($PARAM[id]).ListItem.DBType,tvshow)">SetProperty(TVShowRating,$INFO[Container($PARAM[id]).ListItem.Rating],home)</onfocus>
			<onfocus condition="String.IsEqual(Container($PARAM[id]).ListItem.DBType,tvshow)">SetProperty(TVShowDBID,$INFO[Container($PARAM[id]).ListItem.DBID],home)</onfocus>
			<onfocus condition="String.IsEqual(Container($PARAM[id]).ListItem.DBType,tvshow)">SetProperty(TVShowYear,$INFO[Container($PARAM[id]).ListItem.Year],home)</onfocus>
			<onfocus condition="String.IsEqual(Container($PARAM[id]).ListItem.DBType,tvshow)">SetProperty(TVShowTotalSeasons,$INFO[Container($PARAM[id]).ListItem.Property(TotalSeasons)],home)</onfocus>
			<onfocus condition="String.IsEqual(Container($PARAM[id]).ListItem.DBType,tvshow)">SetProperty(TVShowTotalEpisodes,$INFO[Container($PARAM[id]).ListItem.Property(TotalEpisodes)],home)</onfocus>
			<onfocus condition="String.IsEqual(Container($PARAM[id]).ListItem.DBType,tvshow)">SetProperty(UnwatchedEpisodes,$INFO[Container($PARAM[id]).ListItem.Property(unwatchedepisodes)],home)</onfocus>
			<onfocus condition="String.IsEqual(Container($PARAM[id]).ListItem.DBType,tvshow) + String.StartsWith(Container($PARAM[id]).ListItem.Path,plugin://plugin.video.embycon)">SetProperty(EmbyID,$INFO[Container($PARAM[id]).ListItem.Property(id)],home)</onfocus>
			<onfocus condition="String.IsEqual(Container($PARAM[id]).ListItem.DBType,tvshow) + String.StartsWith(Container($PARAM[id]).ListItem.Path,plugin://plugin.video.embycon)">SetProperty(EmbyMPAA,$INFO[Container($PARAM[id]).ListItem.MPAA],home)</onfocus>
			<onfocus condition="String.IsEqual(Container($PARAM[id]).ListItem.DBType,tvshow) + String.StartsWith(Container($PARAM[id]).ListItem.Path,plugin://plugin.video.embycon)">SetProperty(EmbyGenre,$INFO[Container($PARAM[id]).ListItem.Genre],home)</onfocus>
			<onfocus condition="String.IsEqual(Container($PARAM[id]).ListItem.DBType,tvshow) + String.StartsWith(Container($PARAM[id]).ListItem.Path,plugin://plugin.video.embycon)">SetProperty(UnwatchedEpisodes,$INFO[Container($PARAM[id]).ListItem.Property(unwatchedepisodes)],home)</onfocus>
		</control>
	</include>
	<include name="UnloadSetProperties">
		<onunload condition="Window.Next(home)">ClearProperty(TVShowRating,home)</onunload>
		<onunload condition="Window.Next(home)">ClearProperty(TVShowDBID,home)</onunload>
		<onunload condition="Window.Next(home)">ClearProperty(TVShowYear,home)</onunload>
		<onunload condition="Window.Next(home)">ClearProperty(TVShowTotalSeasons,home)</onunload>
		<onunload condition="Window.Next(home)">ClearProperty(TVShowTotalEpisodes,home)</onunload>
		<onunload condition="Window.Next(home)">ClearProperty(EmbyID,home)</onunload>
		<onunload condition="Window.Next(home)">ClearProperty(EmbyMPAA,home)</onunload>
		<onunload condition="Window.Next(home)">ClearProperty(EmbyGenre,home)</onunload>
		<onunload condition="Window.Next(home)">ClearProperty(UnwatchedEpisodes,home)</onunload>
	</include>
	<!-- Global property onload unload -->
	<include name="PropertyIncludes">
		<param name="ShowHeader">false</param>
		<definition>
			<onload condition="$PARAM[ShowHeader]">SetProperty(ShowHeader,1,home)</onload>
			<onload condition="$PARAM[ShowHeader]">AlarmClock(ShowHeader,ClearProperty(ShowHeader,home),00:02,silent)</onload>
			<onload>ClearProperty(FocusBounce,home)</onload>
			<onunload>ClearProperty(FocusBounce,home)</onunload>
			<onunload>ClearProperty(ShowHeader,home)</onunload>
			<onunload condition="System.HasAlarm(ShowHeader)">CancelAlarm(ShowHeader,silent)</onunload>
		</definition>
	</include>
	<!-- Scrollbars -->
	<include name="Scrollbar">
		<param name="id">17</param>
		<param name="width">8</param>
		<param name="top">0</param>
		<param name="bottom">0</param>
		<param name="onup">noop</param>
		<param name="ondown">noop</param>
		<param name="onleft">noop</param>
		<param name="visible">$EXP[ScrollbarContainers]</param>
		<definition>
			<control type="scrollbar" id="$PARAM[id]">
				<visible>$PARAM[visible]</visible>
				<top>$PARAM[top]</top>
				<bottom>$PARAM[bottom]</bottom>
				<right>0</right>
				<width>$PARAM[width]</width>
				<onup>$PARAM[onup]</onup>
				<ondown>$PARAM[ondown]</ondown>
				<onleft>$PARAM[onleft]</onleft>
				<onleft condition="Control.IsVisible(50)">50</onleft>
				<onleft condition="Control.IsVisible(51)">51</onleft>
				<onleft condition="Control.IsVisible(52)">52</onleft>
				<onleft condition="Control.IsVisible(53)">53</onleft>
				<onleft condition="Control.IsVisible(58)">58</onleft>
				<onleft condition="Control.IsVisible(59)">59</onleft>
				<orientation>vertical</orientation>
				<showonepage>false</showonepage>
				<texturesliderbackground colordiffuse="scrollbar_background">common/white.jpg</texturesliderbackground>
				<texturesliderbar colordiffuse="scrollbar_slider">common/white.jpg</texturesliderbar>
				<texturesliderbarfocus colordiffuse="$VAR[AccentColor]">common/white.jpg</texturesliderbarfocus>
			</control>
		</definition>
	</include>
	<!-- Busy spinner -->
	<include name="BusySpinner">
		<param name="colordiffuse">$VAR[AccentColor]</param>
		<definition>
			<control type="image" id="$PARAM[id]">
				<centerleft>50%</centerleft>
				<centertop>50%</centertop>
				<width>150</width>
				<height>150</height>
				<texture colordiffuse="$PARAM[colordiffuse]">special://skin/extras/spinner.apng</texture>
				<aspectratio align="center" aligny="center">keep</aspectratio>
			</control>
		</definition>
	</include>
	<!-- Player Top -->
	<include name="PlayerTopBar">
		<control type="group" id="99">
			<control type="image" id="99">
				<top>0</top>
				<width>100%</width>
				<height>224</height>
				<texture colordiffuse="black">views/player/mask_top.png</texture>
			</control>
			<control type="image" id="99">
				<top>29</top>
				<left>29</left>
				<height>60</height>
				<width>400</width>
				<texture>$VAR[PlayerClearlogo]</texture>
				<aspectratio align="left" aligny="top">keep</aspectratio>
				<visible>!String.Contains(Player.Art(thumb),KodiCinemaMode)</visible>
			</control>
			<control type="label" id="99">
				<top>21</top>
				<left>29</left>
				<right>960</right>
				<height>50</height>
				<aligny>top</aligny>
				<font>Med34</font>
				<textcolor>white</textcolor>
				<label>$VAR[PlayerTitleLabel]</label>
				<visible>[String.IsEmpty(Player.Art(tvshow.clearlogo)) + String.IsEmpty(Player.Art(clearlogo))] | String.Contains(Player.Art(thumb),KodiCinemaMode)</visible>
			</control>
			<control type="grouplist" id="99">
				<top>21</top>
				<left>960</left>
				<right>29</right>
				<height>50</height>
				<align>right</align>
				<orientation>horizontal</orientation>
				<itemgap>10</itemgap>
				<control type="label" id="99">
					<width>auto</width>
					<height>45</height>
					<align>right</align>
					<aligny>center</aligny>
					<textcolor>white</textcolor>
					<font>Material34</font>
					<label>$VAR[PlayerSeekStepIcon]</label>
					<visible>!String.IsEmpty(Player.SeekStepSize) | !String.IsEmpty(Player.SeekOffset) | [Integer.IsGreater(Player.ChapterCount,1) + !String.IsEqual(Player.Chapter,00) + !String.IsEqual(Player.Chapter,-1)]</visible>
				</control>
				<control type="label" id="99">
					<width>auto</width>
					<align>right</align>
					<aligny>top</aligny>
					<font>Med34</font>
					<textcolor>white</textcolor>
					<label>$VAR[TopPlayerSeekStepLabel,,     ]</label>
					<visible>!String.IsEmpty(Player.SeekStepSize) | !String.IsEmpty(Player.SeekOffset) | [Integer.IsGreater(Player.ChapterCount,1) + !String.IsEqual(Player.Chapter,00) + !String.IsEqual(Player.Chapter,-1)]</visible>
				</control>
				<control type="label" id="99">
					<width>auto</width>
					<height>45</height>
					<align>right</align>
					<aligny>center</aligny>
					<font>Material34</font>
					<textcolor>white</textcolor>
					<label></label>
					<visible>Player.Rewinding</visible>
				</control>
				<control type="label" id="99">
					<width>auto</width>
					<align>right</align>
					<aligny>top</aligny>
					<font>Med34</font>
					<textcolor>white</textcolor>
					<label>$LOCALIZE[31121]$VAR[PlayerForwardRewind, ,     ]</label>
					<visible>Player.Rewinding</visible>
				</control>
				<control type="label" id="99">
					<width>auto</width>
					<height>45</height>
					<align>right</align>
					<aligny>center</aligny>
					<font>Material34</font>
					<textcolor>white</textcolor>
					<label></label>
					<visible>Player.Forwarding</visible>
				</control>
				<control type="label" id="99">
					<width>auto</width>
					<align>right</align>
					<aligny>top</aligny>
					<font>Med34</font>
					<textcolor>white</textcolor>
					<label>$LOCALIZE[31122]$VAR[PlayerForwardRewind, ,     ]</label>
					<visible>Player.Forwarding</visible>
				</control>
				<control type="label" id="99">
					<width>auto</width>
					<height>45</height>
					<align>right</align>
					<aligny>center</aligny>
					<font>Material34</font>
					<textcolor>white</textcolor>
					<label></label>
					<visible>Player.Paused</visible>
				</control>
				<control type="label" id="99">
					<width>auto</width>
					<align>right</align>
					<aligny>top</aligny>
					<font>Med34</font>
					<textcolor>white</textcolor>
					<label>$LOCALIZE[112]     </label>
					<visible>Player.Paused</visible>
				</control>
				<control type="label" id="99">
					<align>right</align>
					<width>auto</width>
					<aligny>top</aligny>
					<font>Med34</font>
					<textcolor>white</textcolor>
					<label>$INFO[System.Time]</label>
				</control>
			</control>
		</control>
	</include>
	<!-- Player bottom labels -->
	<include name="PlayerBottomLabels">
		<control type="label" id="99">
			<animation effect="slide" end="0,-1" time="0" condition="true">Conditional</animation>
			<width>auto</width>
			<height>50</height>
			<aligny>center</aligny>
			<font>reg24</font>
			<textcolor>white</textcolor>
			<label>$VAR[PlayerTimeLabels]</label>
			<visible>!String.IsEmpty(Player.Time)</visible>
		</control>
		<control type="label" id="99">
			<description>Spacer</description>
			<width>15</width>
			<visible>!String.IsEmpty(Player.Time)</visible>
		</control>
		<control type="label" id="99">
			<animation effect="slide" end="0,-1" time="0" condition="true">Conditional</animation>
			<height>50</height>
			<width>auto</width>
			<aligny>center</aligny>
			<font>Material34</font>
			<textcolor>white</textcolor>
			<label>$VAR[PlaylistRepeatLabel]</label>
			<visible>Playlist.IsRepeat | Playlist.IsRepeatOne</visible>
		</control>
		<control type="label" id="99">
			<description>Spacer</description>
			<width>15</width>
			<visible>Playlist.IsRepeat | Playlist.IsRepeatOne</visible>
		</control>
		<control type="label" id="99">
			<animation effect="slide" end="0,-1" time="0" condition="true">Conditional</animation>
			<height>50</height>
			<width>auto</width>
			<aligny>center</aligny>
			<font>Material34</font>
			<label></label>
			<visible>Playlist.IsRandom</visible>
		</control>
		<control type="label" id="99">
			<description>Spacer</description>
			<width>15</width>
			<visible>Playlist.IsRandom</visible>
		</control>
		<control type="label" id="99">
			<animation effect="slide" end="0,-1" time="0" condition="true">Conditional</animation>
			<width>auto</width>
			<height>50</height>
			<aligny>center</aligny>
			<font>reg24</font>
			<textcolor>$VAR[AccentColor]</textcolor>
			<label>$LOCALIZE[31038]$INFO[PVR.TimeshiftOffset, (-,)]</label>
			<visible>Pvr.IsTimeShift</visible>
		</control>
	</include>
	<!-- Player OSD Volume -->
	<include name="PlayerOSDVolume">
		<control type="label" id="99">
			<bottom>23</bottom>
			<right>231</right>
			<height>50</height>
			<width>auto</width>
			<align>center</align>
			<aligny>top</aligny>
			<font>Material34</font>
			<textcolor>white</textcolor>
			<label>$VAR[VolumeIcon]</label>
		</control>
		<control type="progress" id="99">
			<bottom>53</bottom>
			<right>31</right>
			<width>150</width>
			<height>5</height>
			<info>player.volume</info>
			<texturebg colordiffuse="grey">common/white.jpg</texturebg>
			<lefttexture></lefttexture>
			<midtexture colordiffuse="$VAR[PlayerAccentColor]">common/white.jpg</midtexture>
			<righttexture></righttexture>
			<overlaytexture></overlaytexture>
			<visible>Integer.IsGreater(player.volume,0)</visible>
		</control>
		<control type="progress" id="99">
			<bottom>53</bottom>
			<right>31</right>
			<width>150</width>
			<height>5</height>
			<texturebg border="1" colordiffuse="grey">common/white.jpg</texturebg>
			<lefttexture></lefttexture>
			<midtexture></midtexture>
			<righttexture></righttexture>
			<overlaytexture></overlaytexture>
			<visible>!Integer.IsGreater(player.volume,0)</visible>
		</control>
	</include>
	<!-- Player progress bar dimensions -->
	<include name="PlayerProgressDimension">
		<bottom>95</bottom>
		<left>309</left>
		<right>31</right>
		<height>5</height>
		<reveal>true</reveal>
		<righttexture></righttexture>
		<overlaytexture></overlaytexture>
		<lefttexture></lefttexture>
	</include>
	<include name="search_action">
		<onclick condition="!Skin.HasSetting(UseGlobalsearch) | !System.HasAddon(script.globalsearch)">SetProperty(CustomSearch,1,home)</onclick>
		<onclick condition="!Skin.HasSetting(UseGlobalsearch) | !System.HasAddon(script.globalsearch)">Skin.Reset(CustomSearchTerm)</onclick>
		<onclick condition="!Skin.HasSetting(UseGlobalsearch) | !System.HasAddon(script.globalsearch)">Skin.Reset(CustomSearchEmbyID)</onclick>
		<onclick condition="!Skin.HasSetting(UseGlobalsearch) | !System.HasAddon(script.globalsearch)">Skin.SetString(CustomSearchTerm)</onclick>
		<onclick condition="!Skin.HasSetting(UseGlobalsearch) | !System.HasAddon(script.globalsearch)">ActivateWindow(1115)</onclick>
		<onclick condition="Skin.HasSetting(UseGlobalsearch) + System.HasAddon(script.globalsearch)">RunScript(script.globalsearch)</onclick>
	</include>
	<include name="CustomWidgetTemplate">
		<include content="SkinSettingsHeadlineLabel">
			<param name="id" value="$PARAM[id]1"/>
			<param name="label" value="$LOCALIZE[31200] $PARAM[nr]$INFO[Skin.String(UserWidget$PARAM[nr]_name), - ]"/>
		</include>
		<control type="button" id="$PARAM[id]2">
			<include>SettingsButton</include>
			<onclick>RunScript(script.skinshortcuts,type=shortcuts&amp;showNone=True&amp;custom=True&amp;grouping=widget&amp;skinLabel=UserWidget$PARAM[nr]_name&amp;skinAction=UserWidget$PARAM[nr]_action&amp;skinList=UserWidget$PARAM[nr]_path)</onclick>
			<label>$LOCALIZE[748]</label>
			<label2>$INFO[Skin.String(UserWidget$PARAM[nr]_path)]</label2>
		</control>
		<control type="button" id="$PARAM[id]3">
			<textcolor>$VAR[AccentColor]</textcolor>
			<texturenofocus colordiffuse="panel_subitem">common/white.jpg</texturenofocus>
			<include>SettingsButton</include>
			<onclick>SetProperty(custom_widget_nr,$PARAM[nr],home)</onclick>
			<onclick>ActivateWindow(1113)</onclick>
			<label>$LOCALIZE[31290]</label>
			<label2>$INFO[Skin.String(UserWidget$PARAM[nr]_target.label),$LOCALIZE[467]: ]$INFO[Skin.String(UserWidget$PARAM[nr]_layout.label),   $LOCALIZE[31101]: ]$INFO[Skin.String(UserWidget$PARAM[nr]_sortby),   $LOCALIZE[581]: ',']$INFO[Skin.String(UserWidget$PARAM[nr]_sortorder),   $LOCALIZE[21429]: ',']$INFO[Skin.String(UserWidget$PARAM[nr]_limit),   $LOCALIZE[31288]: ]</label2>
			<visible>!String.IsEmpty(Skin.String(UserWidget$PARAM[nr]_path))</visible>
			<visible>![String.IsEmpty(Skin.String(UserWidget$PARAM[nr]_target.label)) + String.IsEmpty(Skin.String(UserWidget$PARAM[nr]_layout.label)) + String.IsEmpty(Skin.String(UserWidget$PARAM[nr]_sortby.label)) + String.IsEmpty(Skin.String(UserWidget$PARAM[nr]_sortorder.label)) + String.IsEmpty(Skin.String(UserWidget$PARAM[nr]_limit.label))]</visible>
		</control>
		<control type="button" id="$PARAM[id]4">
			<textcolor>$VAR[AccentColor]</textcolor>
			<texturenofocus colordiffuse="panel_subitem">common/white.jpg</texturenofocus>
			<include>SettingsButton</include>
			<onclick>Action(up)</onclick>
			<onclick>SetProperty(custom_widget_nr,$PARAM[nr],home)</onclick>
			<onclick>ActivateWindow(1113)</onclick>
			<label>$LOCALIZE[31290]</label>
			<label2>$LOCALIZE[31289]</label2>
			<visible>!String.IsEmpty(Skin.String(UserWidget$PARAM[nr]_path))</visible>
			<visible>String.IsEmpty(Skin.String(UserWidget$PARAM[nr]_target.label)) + String.IsEmpty(Skin.String(UserWidget$PARAM[nr]_layout.label)) + String.IsEmpty(Skin.String(UserWidget$PARAM[nr]_sortby.label)) + String.IsEmpty(Skin.String(UserWidget$PARAM[nr]_sortorder.label)) + String.IsEmpty(Skin.String(UserWidget$PARAM[nr]_limit.label))</visible>
		</control>
	</include>
	<include name="CustomWidgetConfigTemplate">
		<control type="button" id="101">
			<include>SettingsButton</include>
			<onclick>Skin.SetString(UserWidget$PARAM[nr]_name)</onclick>
			<label>$LOCALIZE[21864]</label>
			<label2>$INFO[Skin.String(UserWidget$PARAM[nr]_name)]</label2>
		</control>
		<control type="button" id="102">
			<include>SettingsButton</include>
			<onclick>SetProperty(Dialog.1.Label,$LOCALIZE[3])</onclick>
			<onclick>SetProperty(Dialog.1.BuiltIn,Skin.SetString(UserWidget$PARAM[nr]_target,videos)||Skin.SetString(UserWidget$PARAM[nr]_target.label,$LOCALIZE[3]))</onclick>
			<onclick>SetProperty(Dialog.2.Label,$LOCALIZE[2])</onclick>
			<onclick>SetProperty(Dialog.2.BuiltIn,Skin.SetString(UserWidget$PARAM[nr]_target,music)||Skin.SetString(UserWidget$PARAM[nr]_target.label,$LOCALIZE[2]))</onclick>
			<onclick>SetProperty(Dialog.3.Label,$LOCALIZE[1])</onclick>
			<onclick>SetProperty(Dialog.3.BuiltIn,Skin.SetString(UserWidget$PARAM[nr]_target,pictures)||Skin.SetString(UserWidget$PARAM[nr]_target.label,$LOCALIZE[1]))</onclick>
			<onclick>SetProperty(Dialog.4.Label,$LOCALIZE[29921])</onclick>
			<onclick>SetProperty(Dialog.4.BuiltIn,Skin.Reset(UserWidget$PARAM[nr]_target)||Skin.SetString(UserWidget$PARAM[nr]_target.label,$LOCALIZE[29921]))</onclick>
			<onclick>RunScript(script.embuary.helper,action=createselect,header=$LOCALIZE[467])</onclick>
			<label>$LOCALIZE[467]</label>
			<label2>$INFO[Skin.String(UserWidget$PARAM[nr]_target.label)]</label2>
		</control>
		<control type="button" id="103">
			<include>SettingsButton</include>
			<onclick>SetProperty(Dialog.1.Label,$LOCALIZE[20021])</onclick>
			<onclick>SetProperty(Dialog.1.BuiltIn,Skin.SetString(UserWidget$PARAM[nr]_layout,HomePosterWidget)||Skin.SetString(UserWidget$PARAM[nr]_layout.label,$LOCALIZE[20021]))</onclick>
			<onclick>SetProperty(Dialog.2.Label,$LOCALIZE[31004])</onclick>
			<onclick>SetProperty(Dialog.2.BuiltIn,Skin.SetString(UserWidget$PARAM[nr]_layout,HomeWideWidget)||Skin.SetString(UserWidget$PARAM[nr]_layout.label,$LOCALIZE[31004]))</onclick>
			<onclick>SetProperty(Dialog.3.Label,$LOCALIZE[31005])</onclick>
			<onclick>SetProperty(Dialog.3.BuiltIn,Skin.SetString(UserWidget$PARAM[nr]_layout,HomeSquareWidget)||Skin.SetString(UserWidget$PARAM[nr]_layout.label,$LOCALIZE[31005]))</onclick>
			<onclick>RunScript(script.embuary.helper,action=createselect,header=$LOCALIZE[31101])</onclick>
			<label>$LOCALIZE[31101]</label>
			<label2>$INFO[Skin.String(UserWidget$PARAM[nr]_layout.label)]</label2>
		</control>
		<control type="button" id="104">
			<include>SettingsButton</include>
			<label>$LOCALIZE[581]</label>
			<onclick>SetProperty(Dialog.1.Label,$LOCALIZE[571])</onclick>
			<onclick>SetProperty(Dialog.1.BuiltIn,Skin.Reset(UserWidget$PARAM[nr]_sortby))</onclick>
			<onclick>SetProperty(Dialog.2.Label,Label)</onclick>
			<onclick>SetProperty(Dialog.2.BuiltIn,Skin.SetString(UserWidget$PARAM[nr]_sortby,label))</onclick>
			<onclick>SetProperty(Dialog.3.Label,Title)</onclick>
			<onclick>SetProperty(Dialog.3.BuiltIn,Skin.SetString(UserWidget$PARAM[nr]_sortby,title))</onclick>
			<onclick>SetProperty(Dialog.4.Label,TVShowTitle)</onclick>
			<onclick>SetProperty(Dialog.4.BuiltIn,Skin.SetString(UserWidget$PARAM[nr]_sortby,tvshowtitle))</onclick>
			<onclick>SetProperty(Dialog.5.Label,SortTitle)</onclick>
			<onclick>SetProperty(Dialog.5.BuiltIn,Skin.SetString(UserWidget$PARAM[nr]_sortby,sorttitle))</onclick>
			<onclick>SetProperty(Dialog.6.Label,Artist)</onclick>
			<onclick>SetProperty(Dialog.6.BuiltIn,Skin.SetString(UserWidget$PARAM[nr]_sortby,artist))</onclick>
			<onclick>SetProperty(Dialog.7.Label,Album)</onclick>
			<onclick>SetProperty(Dialog.7.BuiltIn,Skin.SetString(UserWidget$PARAM[nr]_sortby,album))</onclick>
			<onclick>SetProperty(Dialog.8.Label,Random)</onclick>
			<onclick>SetProperty(Dialog.8.BuiltIn,Skin.SetString(UserWidget$PARAM[nr]_sortby,random))</onclick>
			<onclick>SetProperty(Dialog.9.Label,Year)</onclick>
			<onclick>SetProperty(Dialog.9.BuiltIn,Skin.SetString(UserWidget$PARAM[nr]_sortby,year))</onclick>
			<onclick>SetProperty(Dialog.10.Label,DateAdded)</onclick>
			<onclick>SetProperty(Dialog.10.BuiltIn,Skin.SetString(UserWidget$PARAM[nr]_sortby,dateadded))</onclick>
			<onclick>SetProperty(Dialog.11.Label,LastPlayed)</onclick>
			<onclick>SetProperty(Dialog.11.BuiltIn,Skin.SetString(UserWidget$PARAM[nr]_sortby,lastplayed))</onclick>
			<onclick>SetProperty(Dialog.12.Label,PlayCount)</onclick>
			<onclick>SetProperty(Dialog.12.BuiltIn,Skin.SetString(UserWidget$PARAM[nr]_sortby,playcount))</onclick>
			<onclick>SetProperty(Dialog.13.Label,Season)</onclick>
			<onclick>SetProperty(Dialog.13.BuiltIn,Skin.SetString(UserWidget$PARAM[nr]_sortby,season))</onclick>
			<onclick>SetProperty(Dialog.14.Label,Episode)</onclick>
			<onclick>SetProperty(Dialog.14.BuiltIn,Skin.SetString(UserWidget$PARAM[nr]_sortby,episode))</onclick>
			<onclick>SetProperty(Dialog.15.Label,TrackNumber)</onclick>
			<onclick>SetProperty(Dialog.15.BuiltIn,Skin.SetString(UserWidget$PARAM[nr]_sortby,tracknumber))</onclick>
			<onclick>RunScript(script.embuary.helper,action=createselect,header=$LOCALIZE[581])</onclick>
			<label2>$INFO[Skin.String(UserWidget$PARAM[nr]_sortby),',']</label2>
		</control>
		<control type="button" id="105">
			<include>SettingsButton</include>
			<label>$LOCALIZE[580]</label>
			<onclick>SetProperty(Dialog.1.Label,$LOCALIZE[571])</onclick>
			<onclick>SetProperty(Dialog.1.BuiltIn,Skin.Reset(UserWidget$PARAM[nr]_sortorder))</onclick>
			<onclick>SetProperty(Dialog.2.Label,$LOCALIZE[584])</onclick>
			<onclick>SetProperty(Dialog.2.BuiltIn,Skin.SetString(UserWidget$PARAM[nr]_sortorder,ascending))</onclick>
			<onclick>SetProperty(Dialog.3.Label,$LOCALIZE[585])</onclick>
			<onclick>SetProperty(Dialog.3.BuiltIn,Skin.SetString(UserWidget$PARAM[nr]_sortorder,descending))</onclick>
			<onclick>RunScript(script.embuary.helper,action=createselect,header=$LOCALIZE[580])</onclick>
			<label2>$INFO[Skin.String(UserWidget$PARAM[nr]_sortorder),',']</label2>
		</control>
		<control type="button" id="106">
			<include>SettingsButton</include>
			<label>$LOCALIZE[21427]</label>
			<onclick>Skin.SetNumeric(UserWidget$PARAM[nr]_limit)</onclick>
			<label2>$INFO[Skin.String(UserWidget$PARAM[nr]_limit)]</label2>
		</control>
	</include>
	<include name="weather_small_template">
		<control type="group">
			<visible>$PARAM[visible]</visible>
			<left>5</left>
			<width>300</width>
			<control type="image">
				<height>100%</height>
				<texture background="true">$PARAM[art]</texture>
				<aspectratio>scale</aspectratio>
			</control>
			<control type="image">
				<centertop>50%</centertop>
				<height>272</height>
				<texture colordiffuse="66222326">common/white.jpg</texture>
			</control>
			<control type="group">
				<centertop>50%</centertop>
				<height>243</height>
				<control type="label">
					<left>23</left>
					<right>23</right>
					<height>38</height>
					<font>Light28</font>
					<label>$PARAM[day]</label>
					<textcolor>white</textcolor>
				</control>
				<control type="textbox">
					<left>23</left>
					<right>23</right>
					<top>49</top>
					<height>auto</height>
					<wrapmultiline>true</wrapmultiline>
					<font>med20</font>
					<label>$PARAM[outlook]</label>
					<autoscroll>False</autoscroll>
					<textcolor>text_white</textcolor>
				</control>
				<control type="image">
					<left>23</left>
					<right>23</right>
					<top>77</top>
					<width>140</width>
					<height>140</height>
					<texture background="true">$PARAM[icon]</texture>
					<aspectratio>keep</aspectratio>
				</control>
				<control type="label">
					<left>23</left>
					<right>23</right>
					<top>214</top>
					<height>30</height>
					<font>med20</font>
					<textcolor>white</textcolor>
					<label>$PARAM[temp]</label>
				</control>
			</control>
		</control>
	</include>
	<include name="SmallSelectDialogItem">
		<param name="container">3</param>
		<definition>
			<control type="group">
				<visible>!String.IsEmpty(Container($PARAM[container]).ListItemPosition($PARAM[id]).Label)</visible>
				<width>100%</width>
				<height>50</height>
				<control type="image">
					<width>100%</width>
					<height>50</height>
					<texture border="65,10,65,10" colordiffuse="context_focusedcolor">dialogs/context/middle.png</texture>
					<visible>Container($PARAM[container]).Position($PARAM[id]) + Control.HasFocus($PARAM[container])</visible>
				</control>
				<control type="image">
					<width>100%</width>
					<height>50</height>
					<texture border="65,10,65,10" colordiffuse="context_color">dialogs/context/middle.png</texture>
					<visible>!Container($PARAM[container]).Position($PARAM[id]) | !Control.HasFocus($PARAM[container])</visible>
				</control>
				<control type="label">
					<width>100%</width>
					<height>50</height>
					<align>left</align>
					<aligny>center</aligny>
					<textoffsetx>80</textoffsetx>
					<font>med22</font>
					<textcolor>context_textcolor_focused</textcolor>
					<textshadow>text_shadow</textshadow>
					<scroll>true</scroll>
					<label>$INFO[Container($PARAM[container]).ListItemPosition($PARAM[id]).Label]</label>
					<visible>!Container($PARAM[container]).ListItemPosition($PARAM[id]).IsSelected + Container($PARAM[container]).Position($PARAM[id]) + Control.HasFocus($PARAM[container])</visible>
				</control>
				<control type="label">
					<width>100%</width>
					<height>50</height>
					<align>left</align>
					<aligny>center</aligny>
					<textoffsetx>80</textoffsetx>
					<font>med22</font>
					<textcolor>selected</textcolor>
					<textshadow>text_shadow</textshadow>
					<scroll>true</scroll>
					<label>$INFO[Container($PARAM[container]).ListItemPosition($PARAM[id]).Label]</label>
					<visible>Container($PARAM[container]).ListItemPosition($PARAM[id]).IsSelected + Container($PARAM[container]).Position($PARAM[id]) + Control.HasFocus($PARAM[container])</visible>
				</control>
				<control type="label">
					<width>100%</width>
					<height>50</height>
					<align>left</align>
					<aligny>center</aligny>
					<textoffsetx>80</textoffsetx>
					<font>med22</font>
					<textcolor>context_textcolor</textcolor>
					<textshadow>text_shadow</textshadow>
					<scroll>false</scroll>
					<label>$INFO[Container($PARAM[container]).ListItemPosition($PARAM[id]).Label]</label>
					<visible>!Container($PARAM[container]).ListItemPosition($PARAM[id]).IsSelected + ![Container($PARAM[container]).Position($PARAM[id]) + Control.HasFocus($PARAM[container])]</visible>
				</control>
				<control type="label">
					<width>100%</width>
					<height>50</height>
					<align>left</align>
					<aligny>center</aligny>
					<textoffsetx>80</textoffsetx>
					<font>med22</font>
					<textcolor>selected</textcolor>
					<textshadow>text_shadow</textshadow>
					<scroll>false</scroll>
					<label>$INFO[Container($PARAM[container]).ListItemPosition($PARAM[id]).Label]</label>
					<visible>Container($PARAM[container]).ListItemPosition($PARAM[id]).IsSelected + ![Container($PARAM[container]).Position($PARAM[id]) + Control.HasFocus($PARAM[container])]</visible>
				</control>
			</control>
		</definition>
	</include>
	<!-- View selector -->
	<include name="ViewSelector">
		<param name="onback">50</param>
		<definition>
			<control type="group">
				<include>FullscreenDimensions</include>
				<include content="DiffuseMask">
					<param name="visible">ControlGroup(4100).HasFocus</param>
				</include>
				<control type="group">
					<animation type="Conditional" reversible="false" condition="ControlGroup(4100).HasFocus">
						<effect type="slide" delay="0" start="0,-3000" end="0,0" time="0" />
						<effect type="zoom" start="80" end="100" center="960,540" delay="160" tween="circle" easin="out" time="240" />
						<effect type="fade" delay="160" end="100" time="240" />
					</animation>
					<animation type="Conditional" reversible="false" condition="!ControlGroup(4100).HasFocus">
						<effect type="slide" delay="240" end="0,-3000" start="0,0" time="0" />
						<effect type="zoom" start="100" end="80" center="960,540" easing="in" tween="circle" easin="out" time="240" />
						<effect type="fade" start="100" end="0" time="240" />
					</animation>
					<centerleft>50%</centerleft>
					<width>484</width>
					<centertop>50%</centertop>
					<height>970</height>
					<control type="grouplist" id="4100">
						<orientation>vertical</orientation>
						<height>auto</height>
						<align>center</align>
						<itemgap>0</itemgap>
						<onright>$PARAM[onback]</onright>
						<onleft>$PARAM[onback]</onleft>
						<onback>$PARAM[onback]</onback>
						<usecontrolcoords>true</usecontrolcoords>
						<control type="image" id="4101">
							<width>100%</width>
							<height>10</height>
							<texture border="65,0,65,0" colordiffuse="context_color">dialogs/context/top.png</texture>
						</control>
						<include>AvailableViews</include>
						<control type="image" id="4120">
							<width>100%</width>
							<height>10</height>
							<texture border="65,0,65,0" colordiffuse="context_color">dialogs/context/bottom.png</texture>
						</control>
					</control>
				</control>
			</control>
		</definition>
	</include>
	<include name="AvailableViews">
		<param name="id">41</param>
		<definition>
			<control type="radiobutton" id="$PARAM[id]02">
				<include content="ContextButton"/>
				<label>$LOCALIZE[20021]</label>
				<onclick>Container.SetViewMode(51)</onclick>
				<selected>Control.IsVisible(51)</selected>
				<visible>$EXP[PosterViewVisible]</visible>
			</control>
			<control type="radiobutton" id="$PARAM[id]03">
				<textcolor>$VAR[AccentColor]</textcolor>
				<texturenofocus border="65,10,65,10" colordiffuse="context_subitem">dialogs/context/middle.png</texturenofocus>
				<include content="ContextButton"/>
				<label>• $LOCALIZE[31198]</label>
				<onclick>Skin.ToggleSetting(HidePosterLabels)</onclick>
				<selected>Skin.HasSetting(HidePosterLabels)</selected>
				<visible>Control.IsVisible(51) + Window.IsVisible(myvideonav.xml) + !$EXP[IsGenre]</visible>
			</control>
			<control type="radiobutton" id="$PARAM[id]04">
				<include content="ContextButton"/>
				<label>$LOCALIZE[31004]</label>
				<onclick>Container.SetViewMode(50)</onclick>
				<selected>Control.IsVisible(50)</selected>
				<visible>$EXP[WideViewVisible]</visible>
			</control>
			<control type="radiobutton" id="$PARAM[id]05">
				<textcolor>$VAR[AccentColor]</textcolor>
				<texturenofocus border="65,10,65,10" colordiffuse="context_subitem">dialogs/context/middle.png</texturenofocus>
				<include content="ContextButton"/>
				<label>• $LOCALIZE[31198]</label>
				<onclick>Skin.ToggleSetting(HideWideLabels)</onclick>
				<selected>Skin.HasSetting(HideWideLabels)</selected>
				<visible>Control.IsVisible(50) + Window.IsVisible(myvideonav.xml)</visible>
			</control>
			<control type="radiobutton" id="$PARAM[id]06">
				<include content="ContextButton"/>
				<label>$LOCALIZE[31199]</label>
				<onclick>Container.SetViewMode(56)</onclick>
				<selected>Control.IsVisible(56)</selected>
				<visible>$EXP[SetViewVisible]</visible>
			</control>
			<control type="radiobutton" id="$PARAM[id]07">
				<include content="ContextButton"/>
				<label>$LOCALIZE[31199]</label>
				<onclick>Container.SetViewMode(57)</onclick>
				<selected>Control.IsVisible(57)</selected>
				<visible>Window.IsVisible(tvchannels) | Window.IsVisible(tvrecordings)</visible>
			</control>
			<control type="radiobutton" id="$PARAM[id]08">
				<include content="ContextButton"/>
				<label>$LOCALIZE[20020]</label>
				<onclick>Container.SetViewMode(58)</onclick>
				<selected>Control.IsVisible(58)</selected>
				<visible>$EXP[BannerViewVisible]</visible>
			</control>
			<control type="radiobutton" id="$PARAM[id]09">
				<textcolor>$VAR[AccentColor]</textcolor>
				<texturenofocus border="65,10,65,10" colordiffuse="context_subitem">dialogs/context/middle.png</texturenofocus>
				<include content="ContextButton"/>
				<label>• $LOCALIZE[31198]</label>
				<onclick>Skin.ToggleSetting(HideBannerLabels)</onclick>
				<selected>Skin.HasSetting(HideBannerLabels)</selected>
				<visible>Control.IsVisible(58) + Window.IsVisible(myvideonav.xml)</visible>
			</control>
			<control type="radiobutton" id="$PARAM[id]10">
				<include content="ContextButton"/>
				<label>$LOCALIZE[31005]</label>
				<onclick>Container.SetViewMode(52)</onclick>
				<selected>Control.IsVisible(52)</selected>
				<visible>$EXP[SquareViewVisible]</visible>
			</control>
			<control type="radiobutton" id="$PARAM[id]11">
				<include content="ContextButton"/>
				<label>$LOCALIZE[20373]</label>
				<onclick>Container.SetViewMode(54)</onclick>
				<selected>Control.IsVisible(54)</selected>
				<visible>$EXP[SeasonViewVisible]</visible>
			</control>
			<control type="radiobutton" id="$PARAM[id]12">
				<include content="ContextButton"/>
				<label>$LOCALIZE[20359] - $LOCALIZE[31219]</label>
				<onclick condition="Skin.HasSetting(ViewEpisodeList)">Skin.ToggleSetting(ViewEpisodeList)</onclick>
				<onclick>Container.SetViewMode(55)</onclick>
				<selected>Control.IsVisible(55) + !Skin.HasSetting(ViewEpisodeList)</selected>
				<visible>$EXP[EpisodeViewVisible]</visible>
			</control>
			<control type="radiobutton" id="$PARAM[id]13">
				<include content="ContextButton"/>
				<label>$LOCALIZE[535]</label>
				<onclick>Container.SetViewMode(53)</onclick>
				<selected>Control.IsVisible(53)</selected>
				<visible>$EXP[ListViewVisible]</visible>
			</control>
			<control type="radiobutton" id="$PARAM[id]14">
				<include content="ContextButton"/>
				<label>$LOCALIZE[31220]</label>
				<onclick>Container.SetViewMode(10)</onclick>
				<selected>Control.IsVisible(10)</selected>
				<visible>Window.IsVisible(MyPVRguide.xml)</visible>
			</control>
			<control type="radiobutton" id="$PARAM[id]15">
				<include content="ContextButton"/>
				<label>$LOCALIZE[31219]</label>
				<onclick>Container.SetViewMode(20)</onclick>
				<selected>Control.IsVisible(20)</selected>
				<visible>Window.IsVisible(MyPVRguide.xml)</visible>
			</control>
			<control type="radiobutton" id="$PARAM[id]16">
				<include content="ContextButton"/>
				<label>$LOCALIZE[20359] - $LOCALIZE[31220]</label>
				<onclick condition="!Skin.HasSetting(ViewEpisodeList) + !Window.IsVisible(MyPVRRecordings.xml)">Skin.ToggleSetting(ViewEpisodeList)</onclick>
				<onclick>Container.SetViewMode(59)</onclick>
				<selected>Control.IsVisible(59) + [Skin.HasSetting(ViewEpisodeList) | Window.IsVisible(MyPVRRecordings.xml)]</selected>
				<visible>$EXP[EpisodeViewVisible] | Window.IsVisible(MyPVRRecordings.xml)</visible>
			</control>
		</definition>
	</include>
	<include name="ScrollTime">
		<scrolltime tween="sine" easing="inout">300</scrolltime>
	</include>
	<include name="FocusBounce">
		<onup condition="!Skin.HasSetting(MinimalFocusAnimation)">SetProperty(FocusBounce,1,home)</onup>
		<ondown condition="!Skin.HasSetting(MinimalFocusAnimation)">SetProperty(FocusBounce,1,home)</ondown>
		<onright condition="!Skin.HasSetting(MinimalFocusAnimation)">SetProperty(FocusBounce,1,home)</onright>
	</include>
	<!-- widget placeholder -->
	<include name="WidgetDummy">
		<control type="group" id="$PARAM[id]1">
			<visible>false</visible>
			<control type="fixedlist" id="$PARAM[id]">
				<ondown>$PARAM[ondown]</ondown>
				<onup>$PARAM[onup]</onup>
				<itemlayout/>
				<focusedlayout/>
			</control>
		</control>
	</include>
	<include name="GreenBar">
		<control type="image">
			<width>100%</width>
			<top>45</top>
			<height>2</height>
			<texture colordiffuse="grid_border">common/white.jpg</texture>
			<aspectratio>stretch</aspectratio>
		</control>
		<control type="image">
			<width>100%</width>
			<top>45</top>
			<height>2</height>
			<texture colordiffuse="$VAR[AccentColor]">common/white.jpg</texture>
			<aspectratio>stretch</aspectratio>
			<include>WindowOpen_GreenBar</include>
		</control>
	</include>
	<include name="ToggleWatchedAction">
		<onclick condition="String.StartsWith(ListItem.Path,plugin://plugin.video.embycon) + !String.IsEmpty(ListItem.Property(id))">RunScript(plugin.video.embycon,0,?mode=TOGGLE_WATCHED&amp;item_id=$INFO[ListItem.Property(id)])</onclick>
		<onclick condition="![String.StartsWith(ListItem.Path,plugin://plugin.video.embycon) + !String.IsEmpty(ListItem.Property(id))]">ToggleWatched</onclick>
	</include>
	<!-- static menus -->
	<include name="PVRHub_Menu">
		<item>
			<label>$LOCALIZE[19023]</label>
			<onclick>ActivateWindow(tvchannels)</onclick>
		</item>
		<item>
			<label>$LOCALIZE[19069]</label>
			<onclick>ActivateWindow(tvguide)</onclick>
		</item>
		<item>
			<label>$LOCALIZE[19017]</label>
			<onclick>ActivateWindow(tvrecordings)</onclick>
		</item>
		<item>
			<label>$LOCALIZE[19040]</label>
			<onclick>ActivateWindow(tvtimers)</onclick>
		</item>
		<item>
			<label>$LOCALIZE[19138]</label>
			<onclick>ActivateWindow(tvtimerrules)</onclick>
		</item>
		<item>
			<label>$LOCALIZE[19024]</label>
			<onclick>ActivateWindow(radiochannels)</onclick>
			<visible>Pvr.HasRadioChannels</visible>
		</item>
	</include>
	<include name="AddonHub_Menu">
		<item>
			<label>$LOCALIZE[31193]</label>
			<onclick>ActivateWindow(addonbrowser,addons://user/,return)</onclick>
		</item>
		<item>
			<label>$LOCALIZE[14303] $VAR[AvailableUpdates,(,)]</label>
			<onclick>ActivateWindow(addonbrowser,addons://outdated/,return)</onclick>
			<visible>Integer.IsGreater(Container(2000).NumItems,0)</visible>
		</item>
		<item>
			<label>$LOCALIZE[24004]</label>
			<onclick>ActivateWindow(addonbrowser,addons://recently_updated/,return)</onclick>
		</item>
		<item>
			<label>$LOCALIZE[31243]</label>
			<onclick>SetProperty(NoJumpToFirstPage,1,home)</onclick>
			<onclick>ActivateWindow(addonbrowser,addons://install/,return)</onclick>
			<onclick>select</onclick>
		</item>
		<item>
			<label>$LOCALIZE[31242]</label>
			<onclick>ActivateWindow(addonbrowser,addons://repos/,return)</onclick>
		</item>
		<item>
			<label>$LOCALIZE[31194]</label>
			<onclick>ActivateWindow(addonbrowser,addons://search/,return)</onclick>
		</item>
	</include>
	<include name="DialogCloseAll">
		<onclick condition="Skin.HasSetting(StartPlayerFullscreen)">SetProperty(SkipAutoFullscreen,1,home)</onclick>
		<onclick>Dialog.Close(all,true)</onclick>
	</include>
</includes>